Dataset,Min,Max,Mean,Median,Std,P95,P99
Train,1,1238,31.80523849573471,34.0,25.051448422728082,62.0,76.0
Valid,1,141,27.63603133159269,28.0,20.071820312882625,59.0,77.0
Test,1,202,33.97033618984838,37.0,20.336711856367078,63.0,74.0
Total,1,1238,31.40544449170566,34.0,23.80400198607729,62.0,76.0
