Modelo,Val Accuracy,Val F1,Test Accuracy,Test F1,Test Loss,Tiempo (s)
BETO,0.8738542121344391,0.836815358554489,0.9965095986038395,0.9956188389923329,0.02005992829799652,121.4778
XLM-RoBERTa,0.8476647752073331,0.8009127210496292,0.9524432809773123,0.9391401451702959,0.29494696855545044,235.5011
