{
    "epoch": 10.0,
    "eval_accuracy": 0.9934574493673931,
    "eval_f1": 0.9617624715117752,
    "eval_loss": 0.0681426078081131,
    "eval_precision": 0.9586067642604745,
    "eval_recall": 0.9649390243902439,
    "eval_runtime": 4.3527,
    "eval_samples_per_second": 227.675,
    "eval_steps_per_second": 7.122,
    "total_flos": 1820027325781980.0,
    "train_loss": 0.43159328887657245,
    "train_runtime": 473.8134,
    "train_samples_per_second": 65.553,
    "train_steps_per_second": 2.068
}