Tipo Entidad,Frecuencia,Porcentaje
O,52701,77.57676568434069
CANCER,3338,4.913592604586805
FECHA,2627,3.8669885477080697
DOSIS,2049,3.016162746194836
TRATAMIENTO,1884,2.773279948185003
BIOMARCADOR,1769,2.6039979980569377
GLEASON,1582,2.3287308269791267
CIRUGIA,585,0.8611299202166809
MEDICAMENTO,538,0.7919451232078193
EDAD,486,0.715400241410781
TNM,375,0.5520063591132569
