Tarea,Modelo,Num_Clases,Test_Accuracy,Test_F1,Test_Loss,Train_Time_s
TASS (Sentimiento),BETO,3,0.6532951289398281,0.6454410037310078,N/A,N/A
TASS (Sentimiento),XLM-RoBERTa,3,0.648792468276709,0.6440806501216078,N/A,N/A
Sarcasmo,BETO,2,0.9965095986038395,0.9956188389923329,0.02005992829799652,121.4778
Sarcasmo,XLM-RoBERTa,2,0.9524432809773123,0.9391401451702959,0.29494696855545044,235.5011
